{
  "PIT": {
    "Skenes, Paul": {
      "FF 1" {
  "release_pos_x": -2.319254,
  "release_pos_y": 53.852704,
  "release_pos_z": 5.57951,
  "vx0": 3.948936,
  "vy0": -87.930748,
  "vz0": -112.511939,
  "ax": -19.116965,
  "ay": 33.400014,
  "az": -18.398137,
  "release_spin_rate": 2245.536131,
  "spin_axis": 240.018648
}
    }
